seller_id,seller_zip_code_prefix,seller_city,seller_state
e38db885400cd35c71dfd162f2c1dbcf,70740,brasilia,DF
bba3293d6f5d5af2f415e004e8b93ae3,04726,sao paulo,SP
c2d70ce2c5d0a2eb75e78668236e6dc8,04275,sao paulo,SP
709e16e2b25c7474d980076c6bfc4806,16200,birigui,SP
b18dc380845b24038cfc48006478f099,09951,diadema,SP
8b2492b7ff4468839593fafeed55bad9,24451,sao goncalo,RJ
6cd68b3ed6d59aaa9fece558ad360c0a,31255,belo horizonte,MG
3df020b72d3d44b3af9d110fa3940b65,15704,jales,SP
2d42ebcda99fd55f6f4bc2f1ca035d50,76400,uruacu,GO
289cdb325fb7e7f891c38608bf9e0962,31570,belo horizonte,SP
db4350fd57ae30082dec7acbaacc17f9,03126,sao paulo,SP
bfd27a966d91cfaafdb25d076585f0da,13930,serra negra,SP
f680f85bee2d253556ac91be391d2c82,06365,carapicuiba,SP
7ea5bfa6c340f58f8e71fc1f0412b0d6,30180,belo horizonte,MG
bc2ac6b95e1accce9858528ee566c17e,13085,campinas,SP
4aba391bc3b88717ce08eb11e44937b2,45816,arraial d'ajuda (porto seguro),BA
cd68562d3f44870c08922d380acae552,14050,ribeirao preto,SP
33ac3e28642ab8bda860a2f693000e78,06717,cotia,SP
18a349e75d307f4b4cc646a691ed4216,01319,sao paulo,SP
c13fb473e7cb8b83ccd543c094df0608,05319,sao paulo,SP
9596c870880d900012f2e8e6e30d06d7,37074,varginha,MG
7813ea3ebd9411dc600b4dd01f7a97b9,06018,osasco,SP
6235903333ba7de1928c869e268e5964,89650,treze tilias,SC
6338ea67c41078a46ad99cc009654956,95170,farroupilha,RS
916c9de0b5ad957346eeeb12f332687e,80240,curitiba,PR
f0b47fbbc6dee9aafe415a6e33051b3f,09360,maua,SP
31344c16881c08a8a72c6d2eb29918c1,36500,uba,MG
7681ef142fd2c19048da7430856b5588,07074,guarulhos,SP
52f0fe436a347ddad7ed5f9aa4e27eaa,01129,sao paulo,SP
8cc6a0e5738e61a87b03c78b2ba9db4b,37795,andradas,MG
3ab971ce71839580d2ae5b4e40fe8044,03210,sao paulo,SP
5160d23075764e18e07c1f4a87fad743,09720,sao bernardo do campo,SP
86ff3eaef0267069cc891a2ed9d10a17,88135,palhoca,SC
b372ee768ed69e46ca8cdbd267aa7a38,15013,sao jose do rio preto,SP
d20b021d3efdf267a402c402a48ea64b,14940,ibitinga,SP
3361277dc30b7cccdb0c286b24219756,87015,maringa,PR
99a54764c341d5dc80b4a8fac4eba3fb,03273,sao paulo,SP
8f119a0aee85c0c8fc534629734e94fd,06440,barueri,SP
4e8dacf3d38f281ae26c3e0321d92d88,08420,sao paulo,SP
42ef3192a9ff87a22d1867b74b3ee205,09090,santo andre,SP
eed78ac17f7f795a19a709745f00cd4e,18608,botucatu,SP
4bfc7a4a1cf8d4d2121c27422d9e50b5,03111,sao paulo,SP
4371b634e0efc0e22b09b52907d9d469,02028,sao paulo,SP
538caafddff204241cecbf3a02e6b3cf,04516,sao paulo,SP
37515688008a7a40ac93e3b2e4ab203f,17900,dracena,SP
71039d19d4303bf9054d69e9a9236699,03018,sao paulo,SP
e504a4e2efaa45cbff7e268a2c58c956,13520,sao pedro,SP
13074f016982ff2bd6c58ced8682f000,95705,bento goncalves,RS
c5f7feb04a6a1fb3596322bfc3cf1917,09571,sao caetano do sul,SP
e48b04bf1aa1ef711caebeb7aede6180,80240,curitiba,PR
c8660dcf9ba70575f45d80fe28c27713,02040,sao paulo,SP
d66c305afaec317ebee552073a674429,33936,ribeirao das neves,MG
d5ba419e26d246a0719437cf37d9b46d,03437,sao paulo,SP
2ff97219cb8622eaf3cd89b7d9c09824,13320,salto,SP
9c690ceacd5c66731bf443ea810195cb,37650,camanducaia,MG
ef990a83bbea832f36ebe81376335aa8,89214,joinville,SC
55f7a3319d80f7fdf078b8f03e6725fe,06056,osasco,SP
37be5a7c751166fbc5f8ccba4119e043,04248,sao paulo,SP
a17f621c590ea0fab3d5d883e1630ec6,18055,sorocaba,SP
a254c682cc01e119f83530446f1df9a9,16500,cafelandia,SP
1b4c3a6f53068f0b6944d2d005c9fc89,88730,sao ludgero,SC
50c9975695009e5e6473912e83a6d1da,35530,claudio,MG
9f505651f4a6abe901a56cdc21508025,04102,sao paulo,SP
38e679b9e0064cd94c6f035707344dae,86010,londrina,PR
8daab2245ebdc277c51098d01c5ad8ef,08411,sao paulo,SP
8c91bfea4263b8fba54081460693e2a1,98920,horizontina,RS
cfb1a033743668a192316f3c6d1d2671,18110,votorantim,SP
adcf50477d6a1f5d91bb9d54c4903cb5,35530,claudio,MG
259f7b5e6e482c230e5bfaa670b6bb8f,08550,poa,SP
f45122a9ab94eb4f3f8953578bc0c560,13419,piracicaba,SP
52092ddbd3a58c450a4459bf051b2287,17300,dois corregos,SP
0bf0150d5b9d60d9cd2906003332f085,01547,sao paulo,SP
ad420dd0c4f92f8af951ac24b86d0cf5,38230,fronteira,MG
73a63f72308aa20a46f4b1632018f196,82510,curitiba,PR
55a5b51f93f2b70ea513f5a047b0262a,36301,sao joao del rei,MG
8a432f4e5b471f8da497d7dc517666e2,19042,presidente prudente,SP
20a8b0dc55da94fe74d112082427c84f,13312,itu,SP
9c0e69c7bf2619675bbadf47b43f655a,12230,sao jose dos campos,SP
3586b8580d9c917874e053a1bb37b5ff,14802,araraquara,SP
95f83f51203c626648c875dd41874c7f,37564,borda da mata,MG
6b243f80ed07b10f0e8aa0f21a205f3c,81825,curitiba,PR
2089a6d640999f9b9141ac719b2af596,13566,sao carlos,SP
9cea4682e16655f7da87f406902e989e,83707,araucaria,PR
f44b6f775a2b390380e0e30b5c9d3eee,03057,sao paulo,SP
9baf5cb77970f539089d09a38bcec5c3,13330,indaiatuba,SP
688756f717c462a206ad854c5027a64a,07094,guarulhos,SP
7bcd7c5f8631701474db233ccf1c094b,02047,sao paulo,SP
4bf2f4ee540798a61f9636d12cd9cc80,19814,assis,SP
128639473a139ac0f3e5f5ade55873a5,87050,maringa,PR
7a241947449cc45dbfda4f9d0798d9d0,37590,jacutinga,MG
06e5eefc71ec47ae763c5c6f8db7064f,91350,porto alegre,RS
6d66611d7c44cc30ce351abc49a68421,04378,sao paulo,SP
c4fb51fb1c5b7c07bc5e67be6e7e8f6e,80060,curitiba,PR
de722cd6dad950a92b7d4f82673f8833,51250,recife,PE
05ff92fedb5be47920fea08e501238b9,98803,santo angelo,RS
bc47d5d1490df2b36add65d733eafaba,09163,santo andre,SP
fec6275253471ace26d209bbaa64cd0f,28605,nova friburgo,RJ
3771c85bac139d2344864ede5d9341e3,18087,sorocaba,SP
e62b2d6ac10570a035a30bafcf01d263,05767,sao paulo,SP
d921b68bf747894be13a97ae52b0f386,35570,formiga,MG
921323538c9f1c4e816f2720eac02bea,01319,sao paulo,SP
78c99c6dff4eeae5be99bf635ed21e3f,17510,marilia,SP
272f092de69afedd4d2969440b37f18f,03265,sao paulo,SP
b81e3a6c866a764974fe849821abeebd,09360,maua,SP
97512d3fc193b2d1dfcdba0f9d1f0f8a,08270,sao paulo,SP
adbc26658d6c7b4b6219f9d934598091,81770,curitiba,PR
f80edd2c5aaa505cc4b0a3b219abf4b8,03431,sao paulo,SP
562fc2f2c2863ab7e79a9e4388a58a14,13070,campinas,SP
ce7d1888639e6fb06b2749cbfdac1ff7,37443,baependi,MG
4305fe92735c8a43d154ff6dd2b8d927,35170,coronel fabriciano,MG
1e8b33f18b4f7598d87f5cbee2282cc2,02066,sao paulo,SP
57c764b4a836300be881e2ff86e449f9,14021,ribeirao preto,SP
6f892e20a171e98efe17fdb971ff319b,08270,sao paulo,SP
76623fde66e6b63b59440fd34160512d,07124,guarulhos,SP
3f8034bfc6b8b4135534975d49f04c63,81560,curitiba,PR
d17f467e4bf608a510c20d82f4ba3b6b,95098,caxias do sul,RS
85cc55e048b6bcc90c75afe7f0e72f72,27345,barra mansa,RJ
17306570e772e7718c92a562d33f5f1d,17250,bariri,SP
f67efa3f0b6761102a7f8c6b7b571f5d,82300,curitiba,PR
17908cf9b444ee34047cadd5c0f4a516,75124,anapolis,GO
655220df33262c7e0c4949a147366f94,09951,diadema,SP
adbe70ab2c97442046d393988c8d1d27,09321,maua,SP
66922902710d126a0e7d26b0e3805106,31842,belo horizonte,MG
ea67327e24487bdfac5fbfa37ea124df,14940,ibitinga,SP
c70c1b0d8ca86052f45a432a38b73958,13186,hortolandia,SP
d1b65fc7debc3361ea86b5f14c68d2e2,13844,mogi guacu,SP
0c7533c71df861ec58ad7ff999ed0e8d,13270,valinhos,SP
aba1721a889e04decc910aa13b768ef4,05729,sao paulo,SP
01cf7e3d21494c41fb86034f2e714fa1,85603,francisco beltrao,PR
eebb3372362aa9a46975164bed19a7e7,04578,sao paulo,SP
e59aa562b9f8076dd550fcddf0e73491,82810,curitiba,PR
e9779976487b77c6d4ac45f75ec7afe9,11701,praia grande,SP
d1a1b40ec554c593a1a99366746289dd,85501,pato branco,PR
6426d21aca402a131fc0a5d0960a3c90,14091,ribeirao preto,SP
e81e1f9c3e762e620f3fb60a51499e16,89520,curitibanos,SC
0b90b6df587eb83608a64ea8b390cf07,87025,maringa,PR
a420f60ff1aa9acc80d0e42959f2b313,05138,sao paulo,SP
fde0cc9ea29c8ccfc0a2c22256a58c71,81650,curitiba,PR
7fdb0720c8d7c9075538b365dc8c3a22,85904,toledo,PR
e7f3bf1ecd8526eb7f3b18059e6716e5,11680,ubatuba,SP
b0f2a6122a90a93eb03e68653dd960e3,80710,curitiba,PR
cd06602b43d8800bd0afad514919d35c,04119,sao paulo,SP
bacb1f0ed56ad24198f5810d2b3fe9a5,12328,jacarei,SP
376a891762bbdecbc02b4b6adec3fdda,74323,goiania,GO
05d2173d43ea568aa0540eba70d2ca76,37135,alfenas,MG
ad273c9eb54ecb4532de4bf75bae9e4e,80420,curitiba,PR
9add47bf45ce8e8c7db6b9cf670b1e09,83830,fazenda rio grande,PR
d0d70d21e2234dd7cd3cf63fe414148a,58865,sao bento,PB
ff1fb4c404b2efe68b03350a8dc24122,08710,mogi das cruzes,SP
855668e0971d4dfd7bef1b6a4133b41b,13257,itatiba,SP
b347677812ea483b0f528eaf8cbc09b7,82540,curitiba,PR
f7720c4fa8e3aba4546301ab80ea1f1b,81350,curitiba,PR
5d0363b33554b373851fc1622e4d5f3c,12952,atibaia,SP
2c3d56f92f360fb89d849b84e8f50eae,06420,barueri,SP
0c7f30ae9b147eca07affbef92832a6a,84020,ponta grossa,PR
18e694e0e48ed6f7aa3f24aade5fd697,13224,varzea paulista,SP
cac4c8e7b1ca6252d8f20b2fc1a2e4af,13347,indaiatuba,SP
2e90cb1677d35cfe24eef47d441b7c87,02285,sao paulo,SP
5d3bb11474a06bdc23fb9e89f1164ee0,19804,assis,SP
bb135baca94c82fcb731335ad5b04a03,04362,sao paulo,SP
82921991ff5b557b045605b8bbf08d49,01023,sao paulo,SP
86ccac0b835037332a596a33b6949ee1,89041,blumenau,SC
f5a590cf36251cf1162ea35bef76fe84,09720,sao bernardo do campo,SP
6e2d3e2dc84fb30f6078f39dd3bddd6f,83408,colombo,PR
bccf933e006e9b94a6184af782963e77,19806,assis,SP
cce6ab8d1682639fe45ab70234f1665f,81020,curitiba,SP
e24fc9fcd865784fb25705606fe3dfe7,12913,braganca paulista,SP
056b4ada5bbc2c50cc7842547dda6b51,26379,queimados,RJ
f7df46c1e0ec44eed5c6726478da4a17,93336,novo hamburgo,RS
6bbcb8924baf70b7fe2fe2097e8cd407,89031,blumenau,SC
382229d1e840115ffe3dbf5ff460e417,23092,rio de janeiro,RJ
2d2322d842118867781fc737e96d59a1,05879,sao paulo,SP
df56d7b40d437f88407c5f78b63bc328,85812,cascavel,PR
fcf16b7a8697e559f0123190bb30177d,03679,sao paulo,SP
c013e57c075a06e5b5c48ee03c525719,13568,sao carlos,SP
82e0a475a88cc9595229d8029273f045,03417,sao paulo,SP
d6b1ce66b035a475f00c017792ff9769,13327,salto,SP
cbd996ad3c1b7dc71fd0e5f5df9087e2,15081,sao jose do rio preto,SP
76d64c4aca3a7baf218bf93ef7fa768d,80215,curitiba,PR
751bdc4d83a466c7206cd42e8f426b03,09405,ribeirao pires,SP
1f50f920176fa81dab994f9023523100,15025,sao jose do rio preto,SP
70f84699be677ec988d1fa824aef7d90,35700,sete lagoas,MG
23613d49c3ac2bd302259e55c06c050c,13660,porto ferreira,SP
c8b0e2b0a7095e5d8219575d5e7e1181,08598,itaquaquecetuba,SP
6b15924333bd1a741595fe981ea04822,09541,sao caetano do sul,SP
8d956fec2e4337affcb520f56fd8cbfd,09780,sao bernardo do campo,SP
9aa388272ee334b6ae07bc73706e254a,36886,muriae,MG
a888faf2d1baececa6baf9c3d603ee1f,87502,umuarama,PR
25e6ffe976bd75618accfe16cefcbd0d,05503,sao paulo,SP
0dd184061fb0eaa7ca37932c68ab91c5,07031,guarulhos,SP
31eec405c9bb71dec8e2629a92e764fa,29300,cachoeiro de itapemirim,ES
432c37c9dfba871172ec162e20118b8c,70235,brasilia,DF
27a56ff04b34c2ba34ce6ba4d3b9d616,13033,campinas,SP
d9442042130b7fe579d1295f9f4a248f,03550,sao paulo,SP
822166ed1e47908f7cfb49946d03c726,25803,tres rios,RJ
1c129092bf23f28a5930387c980c0dfc,02972,sao paulo,SP
08d0949a9a17c027262db1f3c450c26c,85804,cascavel,PR
381c83fdca332ea6afd896da20bf6e4a,80010,curitiba,PR
56db5c0782e8f7ddc9343f9576ff6d16,88132,palhoca,SC
17a053fcb14bd219540cbde0df490be0,13843,mogi guacu,SP
8581055ce74af1daba164fdbd55a40de,07112,guarulhos,SP
ea566164622c6b439516ab18062c42cd,05303,sao  paulo,SP
5b179e9e8cc7ab6fd113a46ca584da81,05424,sao paulo,SP
834f8533b2ecb6598dd004ff3de7203a,05181,sao paulo,SP
3935fe5fe0f82787a9dcb8deb62be09d,04905,sao paulo,SP
d13e50eaa47b4cbe9eb81465865d8cfc,09210,santo andre,SP
7d76b645482be4a332374e8223836592,01511,sao paulo,SP
b9ca8e8baa5d4aa038394a700f63e69f,03001,sao paulo,SP
54a1852d1b8f10312c55e906355666ee,13456,santa barbara d'oeste,SP
f7ccf836d21b2fb1de37564105216cc1,14940,ibitinga,SP
6973a06f484aacf400ece213dbf3d946,12230,sao jose dos campos,SP
0cbcee27c791afa0cdcb08587a2013a8,37410,tres coracoes,MG
d50d79cb34e38265a8649c383dcffd48,08290,sao paulo,SP
7b0df942f46435babab05d49b744b2c4,12924,braganca paulista,SP
6fc26fe110feebd80a433e1f012a84f9,15601,fernandopolis,SP
457fe919b032a3f7dadba6fb92cf7855,13140,paulinia,SP
36a968b544695394e4e9d7572688598f,11010,santos,SP
282f23a9769b2690c5dda22e316f9941,31573,belo horizonte,MG
80e6699fe29150b372a0c8a1ebf7dcc8,83323,pinhais,PR
0509040ea3fe50071181bbc359eb7738,31710,belo horizonte,MG
813348c996469b40f2e028d5429d3495,13206,jundiai,SP
c8467937e403e76a8ee9f0ab13f6f5ef,37704,pocos de caldas,MG
4992e76a42cb3aad7a7047e0d3d7e729,03334,sao paulo,SP
0b18d63d0cd1d723567903fd34a07df2,05141,sp,SP
d4e12e7884759a14fa0f5f896c791cae,02242,sao paulo,SP
54065e9aef7e9e9c2dc23b7594db021a,20040,rio de janeiro,RJ
1f1bb1f0859883505541bdd6606193e5,02124,sao paulo,SP
7586919161935337bf6b6d7ff5779648,21921,rio de janeiro,RJ
7ecd59e5e20407131822c1a68ac59c1f,70719,brasilia,DF
5a425cc503b39b262a847fd6212bf53b,86010,londrina,PR
8444e55c1f13cd5c179851e5ca5ebd00,37584,congonhal,MG
a416b6a846a11724393025641d4edd5e,03702,sao paulo,SP
669ae81880e08f269a64487cfb287169,89160,rio do sul,SC
abe42c5d03695b4257b5c6cbf4e6784e,21235,rio de janeiro,RJ
fa40cc5b934574b62717c68f3d678b6d,02310,sao paulo,SP
cab85505710c7cb9b720bceb52b01cee,02252,sao paulo,SP
955fee9216a65b617aa5c0531780ce60,04782,sao paulo,SP
fa1a9dec3a9940c072684a46728bf1fc,88820,icara,SC
e5a38146df062edaf55c38afa99e42dc,01233,sao paulo,SP
f62d7bb4a613ec758a03342d46b580b2,36570,vicosa,MG
7c5b05cbdb5542049f38d90d7815b97d,05201,sao paulo,SP
5d9dc90a686a8fddacffab6bab5653a3,06513,santana de parnaiba,SP
00ee68308b45bc5e2660cd833c3f81cc,03333,sao paulo,SP
59b22a78efb79a4797979612b885db36,38414,uberlandia,MG
2059c39f76271d4ca3f15b5ffaccc8b8,81930,curitiba,PR
7357b52d27cbaa90f81a96cbc1279396,33400,lagoa santa,MG
41b39e28db005d9731d9d485a83b4c38,09220,santo andre,SP
e882b2a25a10b9c057cc49695f222c19,25963,teresopolis,RJ
cfa5ab0e4d3fc212fd0b3410e7081c62,36500,uba,MG
fc906263ca5083d09dce42fe02247800,31030,belo horizonte,MG
1da366cade6d8276e7d8beea7af5d4bf,36500,uba,MG
d2374cbcbb3ca4ab1086534108cc3ab7,14940,ibitinga,SP
dbdd0ec73a4817971d962698f2fea022,60710,fortaleza,CE
058fd0aa2bfdb2274e05e1ae971dabb6,09020,santo andre,SP
e48cc16ab70bfa09e1401740dce0b3d7,16022,aracatuba,SP
1b8356dabde1d35e17cef975c3f82730,03477,sao paulo,SP
bbd3acfe6de99892e73940d3fdceaf68,09111,santo andre,SP
b2ba3715d723d245138f291a6fe42594,03470,sao paulo,SP
bd0389da23d89b726abf911cccc54596,71691,brasilia,DF
77530e9772f57a62c906e1c21538ab82,80310,curitiba,PR
602044f2c16190c2c6e45eb35c2e21cb,14940,ibitinga,SP
c33847515fa6305ce6feb1e818569f13,88359,brusque,SC
2c4c47cb51acd5ea5db5e0ae0e26542a,15290,buritama,SP
da8622b14eb17ae2831f4ac5b9dab84a,13405,piracicaba,SP
5f06030071324cc52bf0304014ac7234,17514,marilia,SP
7aa538dd6e114e503a2e6154ea352253,15807,catanduva,SP
9d7a1d34a5052409006425275ba1c2b4,14403,franca,SP
aac29b1b99776be73c3049939652091d,38408,uberlandia,MG
c6a7539d424a8402232c2228d7a03c5e,03191,sao paulo,SP
080199a181c46c657dc5aa235411be3b,06097,osasco,SP
98dac6635aee4995d501a3972e047414,02030,sao paulo,SP
26d8a1c7c75d513045798992ead43aa2,86800,apucarana,PR
e6a69c4a27dfdd98ffe5aa757ad744bc,04424,sao paulo,SP
7a67c85e85bb2ce8582c35f2203ad736,03426,sao paulo,SP
48162d548f5b1b11b9d29d1e01f75a61,13403,piracicaba,SP
af4a0e4cfe1d9c26b6712b1be25a72e5,35670,mateus leme,MG
05a940b4ecae36cadfd8e93bd9c43257,74305,goiania,GO
b1fc4f64df5a0e8b6913ab38803c57a9,24440,sao goncalo,RJ
478bfe564db21eeb44386606aa30b650,33600,pedro leopoldo,MG
8f2ce03f928b567e3d56181ae20ae952,05141,pirituba,SP
75d34ebb1bd0bd7dde40dd507b8169c3,41820,salvador,BA
a1043bafd471dff536d0c462352beb48,37175,ilicinea,MG
92eb0f42c21942b6552362b9b114707d,03504,sao paulo,SP
81a1104df0f08b59c68aa5b03cfe398e,83020,sao jose dos pinhais,PR
5d378b73ab7dd6f0418d743e5dcb0bd1,01026,sao paulo,SP
5b33b527da3c5b969cc99dc435cad09a,87702,paranavai,PR
89a51f50b8095ea78d5768f34c13a76f,71931,brasilia,DF
58f1a6197ed863543e0136bdedb3fce2,36407,conselheiro lafaiete,MG
70eea00b476a314817cefde4aad4f89a,13250,itatiba,SP
7040e82f899a04d1b434b795a43b4617,01026,sao paulo,SP
1900267e848ceeba8fa32d80c1a5f5a8,14940,ibitinga,SP
15aac934c58d886785ac1b17953ea898,29480,muqui,ES
198c7ea11960a9844b544d9bcdca860c,37590,jacutinga,MG
99002261c568a84cce14d43fcffb43ea,78095,cuiaba,MT
9e6229250fedbe05838fef417b74e7fb,16800,mirandopolis,SP
817245bcc3badd82bbd222e0366951a6,17056,bauru,SP
516e7738bd8f735ac19a010ee5450d8d,22230,rio de janeiro,RJ
cb8bcce248bb1fb274ba762d8b971456,37540,santa rita do sapucai,MG
48436dade18ac8b2bce089ec2a041202,27277,volta redonda,SP
ede0c03645598cdfc63ca8237acbe73d,14092,ribeirao preto,SP
d98eec89afa3380e14463da2aabaea72,90010,porto alegre,RS
7ade73f1b9b4e965f9009a4c3a7e2c15,17051,bauru,SP
6edacfd9f9074789dad6d62ba7950b9c,07135,guarulhos,SP
e5a3438891c0bfdb9394643f95273d8e,13483,limeira,SP
c161d1327ebc3a156c09582ab2f59f6c,03521,sao paulo,SP
5cbbd5a299cab112b7bf23862255e43e,83324,pinhais,PR
67883baaae6134ee81b271a542613728,01310,sao paulo,SP
1430239a858e7682bbc43b20758af153,04087,sao paulo,SP
f3b80352b986ab4d1057a4b724be19d0,71200,brasilia,DF
723cd880edaacdb998898b67c8f9da30,14940,ibitinga,SP
b55638ad525e906c698fa2ce742c1742,88780,imbituba,SC
9f50216bfd01913736a55a11b55ea842,12020,taubate,SP
001cca7ae9ae17fb1caed9dfb1094831,29156,cariacica,ES
951e8cef368f09bb3f3d03c00ca4702c,14940,ibitinga,SP
d91fb3b7d041e83b64a00a3edfb37e4f,11704,praia grande,SP
c864036feaab8c1659f65ea4faebe1da,83605,campo largo,PR
01fdefa7697d26ad920e9e0346d4bd1b,86050,londrina,PR
ad781527c93d00d89a11eecd9dcad7c1,15015,sao jose do rio preto,SP
066a6914e1ebf3ea95a216c73a986b91,85863,foz do iguacu,PR
76d5af76d0271110f9af36c92573f765,03194,sao paulo,SP
3f3486b61f45078d4f31ee5e43d8c5bb,03035,sao paulo,SP
6b3bd31ad8fcda4b2635ec9f3ff2ecdf,22775,rio de janeiro,RJ
d94ba08b99bedd6a5f6c875ecc4a6fac,86800,apucarana,PR
1771297ac436903d1dd6b0e9279aa505,07025,guarulhos,SP
4c2b230173bb36f9b240f2b8ac11786e,03933,sao paulo,SP
ade45994b717ccee333492330fbf037b,87505,umuarama,PR
2528513dd95219a6013d4d05176e391a,06060,osasco,SP
56642bcb79900e777d68e91915cb4267,03701,sao paulo,SP
897060da8b9a21f655304d50fd935913,14092,ribeirao preto,SP
09f952a5f58d2285b0372551ae8f9b01,09725,sao bernardo do campo,SP
dc4a0fc896dc34b0d5bfec8438291c80,14940,ibitinga,SP
01ed254b9ff8407dfb9d99ba1e17d923,08710,mogi das cruzes,SP
d51e0a403fe2e689ece6c73359d96e12,17580,pompeia,SP
f27e33c6d29b5138fa9967bcd445b6d5,04273,sao paulo,SP
d624126b9206f595fb3fbb6ba03b28a8,80045,curitiba,PR
b5abf4f36adc043117b4fca82c22984c,72251,brasilia,DF
4c03b9dd4c11ee2cb35c96c49efc9420,13232,campo limpo paulista,SP
28f10b1c5e5abb9d4857745bede6147c,04250,sao paulo,SP
e9d99831abad74458942f21e16f33f92,03542,sao paulo,SP
8c16d1f32a54d92897cc437244442e1b,89023,blumenau,SC
a066df7361163e7ddc5d7452dd17448b,14401,franca,SP
117cfc326c6d50da67ca858ff5c0c852,25530,sao joao de meriti,RJ
25e47381a6c510ddeb36084e33b89f0c,11720,praia grande,SP
c847e075301870dd144a116762eaff9a,38022,uberaba,MG
59fb871bf6f4522a87ba567b42dafecf,03655,sao paulo,SP
725c32fa80c2faacc4fc88450d27314e,03320,sao paulo,SP
0a85ebe4e328db81ac9109781205e2f7,13205,jundiai,SP
1835b56ce799e6a4dc4eddc053f04066,14940,ibitinga,SP
39d54ff918774174706fb065d7f9dc07,04243,sao paulo,SP
83e197e95a1bbabc8c75e883ed016c47,25900,mage,RJ
70a12e78e608ac31179aea7f8422044b,12327,jacarei,SP
82bd0703a4aefd6b599e5bfdaed378fb,17510,marilia,SP
25cf099de44674fde97473224f9d59ab,06716,cotia,SP
5de1c80811ce7007f62f00d971236c09,88063,florianopolis,SC
d9a84e1403de8da0c3aa531d6d108ba6,03562,sao paulo,SP
d71d863e5ef30d94e440c11be17dcd8f,06144,osasco,SP
b2479f944e1b90cf8a5de1bbfde284d6,14940,ibitinga,SP
d6b664fa0667064c6d76394e7848d790,14801,araraquara,SP
1d4587203296c8f4ad134dc286fa6db0,05101,sao paulo,SP
5f3ae9136c875522250f8184f253413a,01550,sao paulo,SP
3ca08eeb8d5595949fed424bd3677742,82510,curitiba,PR
5f2684dab12e59f83bef73ae57724e45,05125,sao paulo,SP
004c9cd9d87a3c30c522c48c4fc07416,14940,ibitinga,SP
b4f8921fcc4ff77b66bea6dda43dcd51,95034,caxias do sul,RS
5670f4db5b62c43d542e1b2d56b0cf7c,03694,sao paulo,SP
972d0f9cf61b499a4812cf0bfa3ad3c4,88359,brusque,SC
6a51fc556dab5f766ced6fbc860bc613,17500,marilia,SP
f457c46070d02cadd8a68551231220dd,87047,maringa,PR
138dbe45fc62f1e244378131a6801526,02215,sao paulo,SP
5058e8c1e82653974541e83690655b4a,08583,itaquaquecetuba,SP
53243585a1d6dc2643021fd1853d8905,42738,lauro de freitas,BA
b1fecf4da1fa2689bccffa0121953643,79107,campo grande,MS
ffeee66ac5d5a62fe688b9d26f83f534,15130,mirassol,SP
0dfbed20065e425d2eaefb101f9816c0,13660,porto ferreira,SP
f84fa566034f5e8e880a07ec624c56af,13330,indaiatuba,SP
048c2757535328e0d7dac690ad3c0aae,14406,franca,SP
e70053bf73d1b5863932e53a9fa47496,05059,sao paulo,SP
25c5c91f63607446a97b143d2d535d31,35680,itauna,MG
c3867b4666c7d76867627c2f7fb22e21,14580,guara,SP
b2c97074649f92197d9387d9033dda5f,18604,botucatu,SP
373ee4a3a775a733770ca3f790b8b9ac,22793,rio de janeiro,RJ
a06c8ff043abea0528ee44171e2140a2,35501,divinopolis,MG
22c32ec35d0116ef02c281798a25bf8b,87043,maringa,PR
54c04bdb5ec46762f8f08c7e8f86ed4a,88037,florianopolis,SC
95b293867b5862941c9cd74f756a3c68,08223,sao paulo,SP
6a8b085f816a1f75f92dbac6eb545f8f,14709,bebedouro,SP
624f4ece8da4aafb77699233d480f8ef,05138,sao paulo,SP
34f563c82a85b99ae9e6d60db5fc2e28,93700,campo bom,RS
c500367424994318b9e779ff1ae9a330,13145,paulinia,SP
440dd6ab244315c632130ecfb63827b1,15502,votuporanga,SP
fec6912baad85d41729669edd6b4d3b8,14110,ribeirao preto,SP
45d33f715e24d15a6ccf5c17b3a23e3c,18015,sorocaba,SP
e06f09ec0a4aca210779cf1cfc63cf19,04773,sao paulo,SP
8a130737016f838139d31878787a39c9,03187,sao paulo,SP
0241d4d5d36f10f80c644447315af0bd,80330,curitiba,PR
d05ae8f7a5bd1d2a690a44cd079e4e27,22775,rio de janeiro,RJ
7e26c750b4cb9f6766f58265ff9ebe95,30270,belo horizonte,MG
3968920b9aa752ab98f7d5888c9252f2,17056,bauru,SP
72c5da29406b4234927b81855e7b64f6,07077,guarulhos,SP
e5475dcab1e07b63d7f6e902d8f5eda8,09921,diadema,SP
edb1ef5e36e0c8cd84eb3c9b003e486d,25957,teresopolis,RJ
89ad3263c0931c47f976d7c5778e60f6,05127,sao paulo,SP
fe49ee029e61e789a1f3a5525f57ba8d,06018,osasco,SP
1da3aeb70d7989d1e6d9b0e887f97c23,04265,sao paulo,SP
527801b552d0077ffd170872eb49683b,17400,garca,SP
8e6cc767478edae941d9bd9eb778d77a,38442,araguari,MG
5a6a02f419701fc8c605af71d4fc57a4,13465,americana,SP
1025f0e2d44d7041d6cf58b6550e0bfa,03204,sao paulo,SP
891071be6ba827b591264c90c2ae8a63,03872,sao paulo,SP
431af27f296bc6519d890aa5a05fdb11,14110,ribeirao preto,SP
17e34d8224d27a541263c4c64b11a56b,14085,riberao preto,SP
ccc4bbb5f32a6ab2b7066a4130f114e3,80310,curitiba,PR
1f9ab4708f3056ede07124aad39a2554,17602,tupa,SP
95ec4458365c4d11f452ccf538377619,13481,limeira,SP
3db66a856d18a9cba7c9241fc5221c50,35430,ponte nova,MG
a4bd6e9adf39b63f43dc545d3ca1f53d,21020,rio de janeiro,RJ
9b013e03b2ab786505a1d3b5c0756754,11450,vicente de carvalho,SP
79ebd9a61bac3eaf882805ed4ecfa12a,85802,cascavel,PR
d93919c944be9cff128f6c9cb899eacb,13375,mombuca,SP
f84a00e60c73a49e7e851c9bdca3a5bb,20756,rio de janeiro,RJ
9d681c7e12db302cb261e721040dde65,80330,curitiba,PR
fbc14c0cf93505ef89f64665ffa4a7b5,14150,serrana,SP
762ed976527cddf02787edba70fffa2a,86026,londrina,PR
71271995e85f5b8530be99ed54a91b89,91360,porto alegre,RS
54583ab379489add547fe47b628db589,09810,sao bernardo do campo,SP
1a3df491d1c4f1589fc2b934ada68bf2,89224,joinville,SC
5b925e1d006e9476d738aa200751b73b,04567,sao paulo,SP
08061dc0fc165ed41288cc7acde738ee,06036,osasco,SP
271c58a1d139c45eaf3316107c6d3a3b,03632,sao paulo,SP
6750d71153f00fc58829af2a8ef1bcf1,28800,rio bonito,RJ
d8c7ba53e7e38711eaef8c2849d6d2e1,87120,floresta,PR
1127b7f2594683f2510f1c2c834a486b,13087,campinas,SP
c31eff8334d6b3047ed34bebd4d62c36,13322,salto,SP
730937bf88cb151eb2eb849f642fc213,13500,rio claro,SP
90b57083da5d803237da74daec6dcb2b,80730,curitiba,PR
16090f2ca825584b5a147ab24aa30c86,12940,atibaia,SP
b561927807645834b59ef0d16ba55a24,02955,sao paulo,SP
729b2d09b2a0bdab221076327f13d050,17320,mineiros do tiete,SP
cc63f0dd2acba93ffed4fe9f8e0321fa,15025,sao jose do rio preto,SP
85d9eb9ddc5d00ca9336a2219c97bb13,31255,belo horizonte,MG
5f7300535881cef3b625fd683cf7d145,92020,canoas,RS
ed46f1eb4a638113deb2a1137b5f22e9,89080,indaial,SC
8160255418d5aaa7dbdc9f4c64ebda44,14940,ibitinga,SP
a7f13822ceb966b076af67121f87b063,08577,itaquaquecetuba,SP
c003204e1ab016dfa150abc119207b24,07790,cajamar,SP
a44fb5a447105f8469bdf16bf9159f25,91920,porto alegre,RS
499ec63c58e51296c9cf57edcfe1c8a8,02918,sao paulo,SP
5debea795b07621e1f90532e18f96145,86800,apucarana,PR
e8b3a3a38279a82f0e5d006d5e5b7d2c,87230,jussara,PR
42fa4ee7240e9b8eb4576358ec142ba7,95012,caxias do sul,RS
7fe21dd00d2f4943ae09525efa2fd674,20551,rio de janeiro,RJ
beadbee30901a7f61d031b6b686095ad,07097,guarulhos,SP
7d456afc660226829370f3173d14520c,08820,mogi das cruzes,SP
39f776d2974049026ff531fc42ef2a3e,74835,goiania,GO
747e73c01a4593d4cf60dcf970fd2689,55602,vitoria de santo antao,PE
e49c26c3edfa46d227d5121a6b6e4d37,55325,brejao,PE
4e7c18b98d84e05cbae3ff0ff03846c2,14882,jaboticabal,SP
d650b663c3b5f6fb392b6326366efa9a,06713,cotia,SP
ea00f977a203ff88adf7057cb7806998,11085,santos,SP
229c3efbfb0ea2058de4ccdfbc3d784a,30190,belo horizonte,MG
aaed1309374718fdd995ee4c58c9dfcd,89120,timbo,SC
e53d5b9b29d1218281f4a907ada18626,85903,toledo,PR
8b321bb669392f5163d04c59e235e066,01212,sao paulo,SP
89de2d6f23e9746ff309705b23581faa,86060,londrina,PR
bd15ee794d5e640d9dd71b665b2ab15b,14078,ribeirao preto,SP
8603f0038fe0e52fedd3382d266723de,88495,garopaba,SC
87d3c3aeb3ead335511b3ce315eb341e,03059,sao paulo,SP
1ce3ae5a399804d1a87e706f8a813c3e,88715,jaguaruna,SC
2138ccb85b11a4ec1e37afbd1c8eda1f,08250,sao paulo,SP
42b729f859728f5079499127a9c2ef37,03910,sao paulo,SP
ccf8813e5a7d6c84d865cd38bfc2b130,12080,taubate,SP
4b1eaadf791bdbbad8c4a35b65236d52,14092,ribeirao preto,SP
d57e18d5f73c7ccb7f7339b61166898d,03613,sao paulo,SP
dd2bdf855a9172734fbc3744021ae9b9,31255,belo horizonte,MG
bb7a14e229b1c95156719c3d9552eeee,23095,rio de janeiro,RJ
2a5b78b41cd05baeac8df54c6606b92c,35570,formiga,MG
d594982fd877af63ace38ea1fca27c76,01031,sao paulo,SP
7c67e1448b00f6e969d365cea6b010ab,08577,itaquaquecetuba,SP
b5e3e38609125694d2ea2417522a60b7,88020,florianopolis,SC
7e1fb0a3ebfb01ffb3a7dae98bf3238d,14403,franca,SP
0bae85eb84b9fb3bd773911e89288d54,88301,itajai,SP
8c0de775f52fe41590b376a3b7c50f68,13178,sumare,SP
5b8154610ebb21fb90eb587365e673df,12246,sao jose dos campos,SP
77fccaae319668a8ab6cd0fd16aec48c,28035,campos dos goytacazes,RJ
e99e927c81e3f51739c94fcdfca9f10f,38400,uberlandia,MG
729f06993dac8e860d4f02d7088ca48a,13481,limeira,SP
50770d25768b0486d89be26afca3108f,09271,santo andre,SP
7ad32824caee82087b3e2e5f33b1bf32,14940,ibitinga,SP
75fbb52eda0cbc24f479d3b2fbfa8d3e,74560,goiania,GO
bf84056e679dbe9c69929847a40e338f,02537,sao paulo,SP
ca4b77513ac2040591b0d8fae6958380,09190,sando andre,SP
318f287a62ab7ac10b703ac37435a231,04773,sao paulo,SP
cb41bfbcbda0aea354a834ab222f9a59,03520,sao paulo,SP
c510bc1718f0f2961eaa42a23330681a,13330,indaiatuba,SP
40db9e9aa57f7bb151bcda6b0f9bdbb7,52010,recife,PE
960945e1a9535cbc0cd6ddd35fbe7ae8,08290,sao paulo,SP
5a8e7d5003a1f221f9e1d6e411de7c23,13076,campinas,SP
3bb548e3cb7f70f28e3f11ee9dce0e59,87040,maringa,PR
11bfa66332777660bd0640ee84d47006,14085,ribeirao preto,SP
dbb9b48c841a0e39e21f98e1a6b2ec3e,03929,sao paulo,SP
9de4643a8dbde634fe55621059d92273,89225,joinville,SC
be8e909810184b9b19e886129149d8e5,13418,piracicaba,SP
bbaff50f3b708fda865918715276cd87,12940,atibaia,SP
fffd5413c0700ac820c7069d66d98c89,13908,amparo,SP
3c7c4a49ec3c6550809089c6a2ca9370,03804,sao paulo,SP
822bad9bc42b51213ba522fe87b7ab5d,88330,balneario camboriu,SC
3fd1e727ba94cfe122d165e176ce7967,14802,araraquara,SP
9646c3513289980f17226a2fc4720dbd,12215,sao jose dos campos,SP
aac51c486b672a9850d59f3e84b1cf88,02752,sao paulo,SP
11eac105f3f90a9b87b19c89d91e24f3,07411,sao paulo,SP
b3e2faf2c1004d674f16a3aa3197f0e1,14093,ribeirao preto,SP
8a32e327fe2c1b3511609d81aaf9f042,02443,sao paulo,SP
b76dba6c951ab00dc4edf0a1aa88037e,03237,sao paulo,SP
2199e7fe213c16213bf5d6a7eadc9a5d,11900,registro,SP
b67d6c666e8dce1d078c882825e12704,03641,sao paulo,SP
f789d2c4f2c2eb38fc4373e7a4b35264,36010,juiz de fora,MG
e2aee0892199b1d92530e371abd825bf,86600,rolandia,PR
116ccb1a1604bc88e4d234a8c23f33de,09850,sao bernardo do campo,SP
406822777a0b9eb5c50e442dd4cd3ec5,18500,tatui,SP
5206cc4bc2297c833e6061c49bf9c43f,06192,osasco,SP
f22a247b79dd22ecd91dc8e3b2a1b07c,08573,itaquaquecetuba,SP
01bcc9d254a0143f0ce9791b960b2a47,76400,uruacu,GO
5fd924b4836098a5be0ecf81ba054ce0,03554,sao paulo,SP
39c763cca83e654764b7a4a650fb9b7c,74563,goiania,GO
7d13fca15225358621be4086e1eb0964,14050,ribeirao preto,SP
1dc2de47ee26a0a5b12dc14fd6dc0dea,14940,ibitinga,SP
b14db04aa7881970e83ffa9426897925,18048,sorocaba,SP
7142540dd4c91e2237acb7e911c4eba2,16301,penapolis,SP
8e6d7754bc7e0f22c96d255ebda59eba,12233,sao jose dos campos,SP
6d803cb79cc31c41c4c789a75933b3c7,14600,sao joaquim da barra,SP
e1b12447a7563944843191754aeb5562,07145,guarulhos,SP
ceaec5548eefc6e23e6607c5435102e7,03821,sao paulo,SP
f5f2ab9bdb6b30c14c61be68c5ed37da,13660,porto ferreira,SP
3504c0cb71d7fa48d967e0e4c94d59d9,09350,maua,SP
99eaacc9e6046db1c82b163c5f84869f,14400,franca,SP
59417c56835dd8e2e72f91f809cd4092,13480,limeira,SP
d379f449f2a3b271bc01c0782020f705,35500,divinopolis,MG
6560211a19b47992c3666cc44a7e94c0,05849,sao paulo,SP
ff4ea69c2a729e83e63c7579e4ef8170,07071,guarulhos,SP
5343d0649eca2a983820bfe93fc4d17e,09270,santo andre,SP
715bbd5ba4e6b74cb0d2f29eb45058b0,13930,serra negra,SP
4c18691b6037662be2df78a765d98ab5,03167,sao paulo,SP
72c38a04bd6a1c3dbc5298425a0db86d,85804,cascavel,PR
966cb4760537b1404caedd472cc610a5,09920,diadema,SP
5b664594895aefb418afaee6d40a9a23,25750,petropolis,RJ
2a84855fd20af891be03bc5924d2b453,30111,belo horizonte,MG
cb5df0dcb9e280b1780e9d589889f2c7,15115,bady bassitt,SP
2eb70248d66e0e3ef83659f71b244378,13101,campinas,SP
c6bda72e4dbf5c5866b13cb1810c6d03,03087,sao paulo,SP
dbc22125167c298ef99da25668e1011f,37564,borda da mata,MG
8d899e15a5925f097cca50faa49b15e3,18131,sao roque,SP
5741dc2bf5044c34d0698681c5081bed,12226,sao jose dos campos,SP
1dfe5347016252a7884b694d4f10f5c4,14940,ibitinga,SP
e3b4998c7a498169dc7bce44e6bb6277,03635,sao paulo,SP
20cb7c2fde3e5bf10f0bbe7394e1c6a9,86385,andira-pr,PR
7b7f91e98f8c6def45a1407923304402,06154,osasco,SP
392e0502231ae2f8b29994ef6398cd77,18760,cerqueira cesar,SP
cc3d14116804f7209f3884f6367f1152,82940,curitiba,PR
213b25e6f54661939f11710a6fddb871,13321,salto,SP
d197aa8fbc64087f61984deef05f6227,12224,sao jose dos campos,SP
ab91571efab27993ff2f6b36e38055c3,04319,sao paulo,SP
2e1c9f22be269ef4643f826c9e650a52,04850,sao paulo,SP
c35affa65afd250151285c5917fc1c8a,08050,sao paluo,SP
c8b3445d737de6befde0c88ede534a5e,05734,sao paulo,SP
a6fe7de3d16f6149ffe280349a8535a0,14401,franca,SP
d12c926d74ceff0a90a21184466ce161,02634,sao paulo,SP
eba88037e1dca898cd02881f67ced679,03647,sao paulo,SP
0ed6ce5d87fd9c69eaacaeb778d67235,13473,americana,SP
55d3daac7c404d59e51c2aa2f4dc5a23,02150,sao paulo,SP
e3a386fc36e22064434e1fa256f6a9fa,13165,engenheiro coelho,SP
15cd6eefe58588619aaed41dfa6621b1,35400,ouro preto,MG
acadd4d36859671cb635527c6c977533,14270,santa rosa de viterbo,SP
3078096983cf766a32a06257648502d1,13720,scao jose do rio pardo,SP
dfc475d54e1b6dbeeb7d7d9bdaa63827,81460,curitiba,PR
0afccdb8a34ee5c79f7c06faf2b4d56e,38400,uberlandia,MG
e5e33c0d8e7e002f398f5dc4cbbb338f,17032,bauru,SP
cb3dd9ce66268c7a3ca7241ac70ab58c,03028,sao paulo,SP
f8d5c7085db9a4ad2b8c1ffbeb2798c8,04104,sao paulo,SP
b17b679f4f5ce2e03ce6968c62648246,14090,ribeirao preto,SP
46dc3b2cc0980fb8ec44634e21d2718e,22240,rio de janeiro,RJ
a478c7961d6a992065b24e63b366f90b,89036,blumenau,SC
75745ef7bc7d4f3ea3380f6f5303f514,70384,brasilia,DF
615005a3ef192c00c6f0e977cee3d2bc,13304,itu,SP
081acf3de680d554796c9cf041be7bc2,33200,vespasiano,MG
f8f35af4634605e6693c17cc3ffff5a8,37400,campanha,MG
fc4751cfe3b279c419615b9b00c1abb4,86047,londrina,PR
87142160b41353c4e5fca2360caf6f92,90230,porto alegre,RS
fa1c13f2614d7b5c4749cbc52fecda94,13170,sumare,SP
638cba8be1fb599bbb76fd6948351eb3,12242,sao jose dos campos,SP
34d1ca11b242c0fee2c834ae8d788566,36415,congonhas,MG
f46490624488d3ff7ce78613913a7711,07194,guarulhos,SP
9674754b5a0cb32b638cec001178f799,04438,sao paulo,SP
20d83f3ef0e6925fd74bfd59170babf7,02804,sao paulo,SP
b32be1695eb7ec5f10f72d9610a12527,95012,caxias do sul,RS
a5bff0f43eb51f0cad7c37fac7244c8a,04827,sao paulo,SP
701938c450705b8ae65fc923b70f35c7,15014,s jose do rio preto,SP
fe2032dab1a61af8794248c8196565c9,13030,campinas,SP
4b9750c8ad28220fe6702d4ecb7c898f,13484,limeira,SP
fdb9095204a334cd8872252ffec6f2db,03331,sao paulo,SP
9bcdfa7b615b3abb9461d9e3ad9886ae,89053,blumenau,SC
efff9341f3f8f5237b44ff67ed36a7bf,29090,vitoria,ES
5f5b43b2bffa8656e4bc6efeb13cc649,04880,sao paulo,SP
48985c61529077fa4f1e38bcff0f2ed3,90020,porto alegre,RS
1eade46fba20122dc4aefb379f8c636b,02066,sao paulo,SP
888faa8bfb0b159c37de6d898b961c31,88750,braco do norte,SC
9b1585752613ec342d03bbab9997ec48,22745,rio de janeiro,RJ
dc317f341ab0e22f39acbd9dbf9b4a1f,94910,cachoeirinha,RS
79ed755314cfe6df0daef2c6cd3022cd,13503,rio claro,SP
b410bdd36d5db7a65dcd42b7ead933b8,74645,goiania,GO
df560393f3a51e74553ab94004ba5c87,87900,loanda,PR
6c177e38df6d3f34182b1f1d427231bf,80430,curitiba,PR
49e7217cfe4e427191c378ec626d8737,35570,formiga,MG
c679fb69a36e1d8349e8c50a217b4d58,95020,caxias do sul,RS
4e922959ae960d389249c378d1c939f5,12327,jacarei,SP
4b0fdb526525f9890eb145bf1534640e,14940,ibitinga,SP
ffdd9f82b9a447f6f8d4b91554cc7dd3,80030,curitiba,PR
6b333a05bf188ef3e1f1662a86bd9855,72304,brasilia,DF
850f4f8af5ea87287ac68de36e29107f,04367,sao paulo,SP
30a2f535bb48308f991d0b9ad4a8c4bb,13457,santa barbara d'oeste,SP
c70a353f02429c00775a46a75fb787da,08275,sao paulo,SP
575df70bde3f9f2b30bf8d2e9910d725,15075,sao jose do rio preto,SP
f235413f677777a0738ff215d0184901,17250,bariri,SP
7e3f87d16fb353f408d467e74fbd8014,04809,sao paulo,SP
0d85bbda9889ce1f7e63778d24f346eb,38414,uberlandia,MG
f181738b150df1f37cb0bd72e705b193,06317,carapicuiba,SP
23d7c96d4a1160db1c726b248601b25a,13360,capivari,SP
c0563dd588b775f2e37747ef6ad6c92c,09220,santo andre,SP
820cc752a266cdc6c1a1e61dd4583330,87050,maringa,PR
da7039f29f90ce5b4846ffc0fcc93beb,09041,santo andre,SP
5656537e588803a555b8eb41f07a944b,72015,brasilia,DF
53e4c6e0f4312d4d2107a8c9cddf45cd,13920,pedreira,SP
835f0f7810c76831d6c7d24c7a646d4d,08030,sao paulo,SP
218d46b86c1881d022bce9c68a7d4b15,14070,ribeirao preto,SP
080102cd0a76b09e0dcf55fcacc60e05,31140,belo horizonte,MG
4a3ccda38b2129705f3fb522db62ca31,17504,marilia,SP
34056b8b55c1775a22af2331670a799c,16304,penapolis,SP
827f8f69dfa529c561901c4f2e0f332f,81880,curitiba,PR
fa74b2f3287d296e9fbd2cc80f2d1cf1,19023,presidente prudente,SP
2709af9587499e95e803a6498a5a56e9,03813,sao paulo,SP
5c243662ce92d84573bfaff24c3e3700,03702,sao paulo,SP
dfc5fb7259bb2b599ca565e6e9448f0f,09780,sao bernardo do campo,SP
05f51e13da97139648b8125c31e5f51b,31910,belo horizonte,MG
7bac63f6603d382cc8d0832eb6c100a8,05713,sao paulo,SP
2a1348e9addc1af5aaa619b1a3679d6b,30494,belo horizonte,MG
ef506c96320abeedfb894c34db06f478,03569,sao paulo,SP
7b07b3c7487f0ea825fc6df75abd658b,02016,sao paulo,SP
b9a03475e6447e631b6799ec8274800f,85830,formosa do oeste,PR
4c498c7345e89aebad651544829beca0,06341,carapicuiba,SP
7178f9f4dd81dcef02f62acdf8151e01,89560,videira,SC
3bdff180c7e1f6551a643b99c265a120,04811,sao paulo,SP
e9bc59e7b60fc3063eb2290deda4cced,87083,maringa,PR
62c50c1af4dfdc4149d25c5222043d39,04782,sao paulo,SP
6c7d50c24b3ccd2fd83b44d8bb34e073,19025,presidente prudente,SP
718539d38d07dd351c76db862760e2e2,13088,campinas,SP
febab0275244b9a49a623f0bd613ca2f,13920,pedreira,SP
f3da5b2ff499efb8d4a6d371d175d7dd,02407,sao paulo,SP
13fa2a6c6b9d0f43cb588d7c82117a12,03567,sao paulo,SP
640e21a7d01df7614a3b4923e990d40c,14940,ibitinga,SP
4d600e08ecbe08258c79e536c5a42fee,85988,entre rios do oeste,PR
082e0bf4cb865a6533b1e8e498cc0255,18608,botucatu,SP
12b9676b00f60f3b700e83af21824c0e,95780,montenegro,RS
8fdca8e349553f99bc738833a62c8802,02189,sao paulo,SP
5b07547f10dd980738a1a27f685af669,07013,guarulhos,SP
04fdea0c111866e6cf812f1570d6b5bd,08411,sao paulo,SP
91f0eec23d4a61d7d7caeefa3f0ad1ca,88704,tubarao,SC
4ba52dfeba874da5b9ee7b17c7494f04,08790,mogi das cruzes,SP
ce248b21cb2adc36282ede306b7660e5,89251,jaragua do sul,SC
447d377bdb757058acb569025ee18a93,99500,carazinho,RS
6039e27294dc75811c0d8a39069f52c0,06162,osasco,SP
582d4f8675b945722eda7c0cb61ba4c7,11250,bertioga,SP
02f623a8eb246f3c5f7c2f96462654e6,18611,botucatu,SP
cac63f48c38cd7d002a7e846dcd99a23,13170,sumare,SP
94e93ce877be27a515118dbfd2c2be41,15502,votuporanga,SP
c4d51195486dc781531876a7d00453d8,19023,presidente prudente,SP
13511db12ac61e2f89c53b72a944a60b,95020,caxias do sul,RS
0ffa40d54288e4f3499b8780dd0f144f,19013,presidente prudente,SP
7dc8c42cc750eeafea6c85712ffee9bf,05424,sao paulo,SP
530ec6109d11eaaf87999465c6afee01,85807,cascavel,PR
a49928bcdf77c55c6d6e05e09a9b4ca5,03017,sao paulo,SP
04308b1ee57b6625f47df1d56f00eedf,88215,bombinhas,SC
a2b5b6105ea5942300631d2e76f4ffe0,06283,osasco,SP
db2956745b3a8e9f3785c99f34b5d25e,11600,sao sebastiao,SP
6219ba2359cfb97f2e38fd4c321eb309,02110,sao paulo,SP
670c26e0f1bf8d0576271d5cfaec6d2b,87025,maringa,PR
dc8798cbf453b7e0f98745e396cc5616,05455,sao paulo,SP
240b9776d844d37535668549a396af32,24120,niteroi,RJ
8ca1551acf9832a4cf467bbbac15851f,83607,campo largo,PR
96804ea39d96eb908e7c3afdb671bb9e,38950,ibia,MG
8b28d096634035667e8263d57ba3368c,12243,sao jose dos campos,SP
c3e1abd72a42fe690fcd89cf5720fe29,13840,mogi guacu,SP
850913d59ce317156b00f3705f1c3edb,12942,atibaia,SP
0db783cfcd3b73998abc6e10e59a102f,11010,santos,SP
0be8ff43f22e456b4e0371b2245e4d01,04461,sao paulo,SP
e8f6dc8e6a1dcde89d20e3995c8d90b3,03476,sao paulo,SP
f8db351d8c4c4c22c6835c19a46f01b0,13324,salto,SP
ff063b022a9a0aab91bad2c9088760b7,09171,santo andre,SP
7139dc5186aa238b006e066d8fbab2e4,13901,amparo,SP
d94a40fd42351c259927028d163af842,37443,baependi,MG
ccb83a794700270fde70898fe9ff368b,88960,sombrio,SC
e0482f2c769468c3bbcd8a01e09d98c5,02320,sao paulo,SP
1b938a7ec6ac5061a66a3766e0e75f90,16304,penapolis,SP
41ab63a91b8b264e8c8780368bf1dd5b,31555,belo horizonte,MG
41e0fa5761c886a630994a55c12087e7,11446,guaruja,SP
44073f8b7e41514de3b7815dd0237f4f,71070,brasilia,DF
c0098efcf800861dcae589affca31408,14080,ribeirao preto,SP
caa9bc43a9fe8cf9c564ddd8a03cc4a6,12308,jacarei,SP
ececbfcff9804a2d6b40f589df8eef2b,14407,franca,SP
8b9d6eec4a7eb7d0f9d579ce0b38324d,26562,mesquita,RJ
aced59e9b31ef866a94f9e7f29d8d418,03306,sao paulo,SP
5bffbafbb22daf6d3bfc216a46db8708,26525,nilopolis,RJ
dd7ddc04e1b6c2c614352b383efe2d36,03471,sao paulo,SP
ef0ace09169ac090589d85746e3e036f,24451,sao goncalo,RJ
11305281b50fff20ae8bb473f8e11876,36500,uba,MG
c3cfdc648177fdbbbb35635a37472c53,80610,curitiba,PR
391fc6631aebcf3004804e51b40bcf1e,14940,ibitinga,SP
5996cddab893a4652a15592fb58ab8db,19010,presidente prudente,SP
9dd59e43f0c9f0553244e8f9c2fb247e,85851,foz do iguacu,PR
dfa0c4c6229ab200a4a1336b4d7128ff,88085,florianopolis,SC
32e5635e63cb374eb63afdd242fb6134,22451,rio de janeiro,RJ
8602a61d680a10a82cceeeda0d99ea3d,01001,sao paulo,SP
ea8482cd71df3c1969d7b9473ff13abc,04160,sao paulo,SP
612170e34b97004b3ba37eae81836b4c,93542,novo hamburgo,RS
f4c4daa86e30c7e5a553a8d518ac03a5,85801,cascavel,PR
ba143b05f0110f0dc71ad71b4466ce92,02274,sao paulo,SP
d9bd94811c3338dceb4181f3dbc0c73e,04186,sao paulo,SP
eeb6de78f79159600292e314a77cbd18,88501,lages,SC
2528744c5ef5d955adc318720a94d2e7,13202,jundiai,SP
07bf9669d84d1f11be443a9dd938f698,04761,sao paulo,SP
cf1313c6e2c01c2f4b014f97db4bcd2b,22050,rio de janeiro \rio de janeiro,RJ
6c12e40690c335dbc2f68a4134d30dc1,84178,castro,PR
6860153b69cc696d5dcfe1cdaaafcf62,13360,capivari,SP
903037660cf848a717166eb7a06d616e,05734,sao paulo,SP
1c68394e931a64f90ea236c5ea590300,87114,sarandi,PR
b499c00f28f4b7069ff6550af8c1348a,13481,limeira,SP
6fd52c528dcb38be2eea044946b811f8,08180,sao paulo,SP
1336efc61c316ddf92c899eb817f7cae,19800,assis,SP
e26901d5ab434ce92fd9b5c256820a4e,09350,maua,SP
c826c40d7b19f62a09e2d7c5e7295ee2,07133,guarulhos,SP
4830e40640734fc1c52cd21127c341d4,03573,sao paulo,SP
efcd8d2104f1a05d028af7bad20d974b,16012,aracatuba,SP
0adac9fbd9a2b63cccaac4f8756c1ca8,13290,louveira,SP
33a6f4b1e7cdc205511e76ba1b6e0186,07084,guarulhos,SP
91f848e9f4be368f4318775aac733370,03029,sao paulo,SP
9c3c24eca51c52b91c1de727d2a2ae06,95020,caxias do sul,RS
2bf28e311bba65237358230cabac3f15,86047,londrina,PR
7202e2ba20579a9bd1acb29e61fe71f6,14401,franca,SP
bdae679a9b282249bc23b9b69dae9a99,72210,brasilia,DF
4a3ca9315b744ce9f8e9374361493884,14940,ibitinga,SP
900ba814c251a692506d7834c1218441,13328,salto,SP
9906e7aa42a3c067b7c9a564d01c4320,87065,maringa,PR
a5cba26a62b8b4d0145b68b841e62e7f,87303,campo mourao,PR
651fe66032c9520ee5587f694908040d,94810,alvorada,RS
282c7480173bb9c01dd41cc739fec010,04795,sao paulo,SP
4342d4b2ba6b161468c63a7e7cfce593,22793,rio de janeiro,RJ
9d5a9018aee56acb367ba9c3f05d1d6a,74930,aparecida de goiania,GO
daeb5653dd96c1b11860f72209795012,31310,belo horizonte,MG
c240c4061717ac1806ae6ee72be3533b,20920,rio de janeiro,RJ
7299e27ed73d2ad986de7f7c77d919fa,38440,araguari,MG
7722b1df1b0e383e000397b2c11e3e19,09715,sao bernardo do campo,SP
8bb48dc19fccaa8613b6229bf7f452a2,19803,assis,SP
c0aff2da32c17759d30b22fb0af6649d,88032,florianopolis,SC
f88adb15807168d3c43d71021090ce4a,13660,porto ferreira,SP
a3a38f4affed601eb87a97788c949667,89204,joinville,SC
6b89abe95848c850399130d149a39b63,75640,piracanjuba,GO
537eb890efff034a88679788b647c564,20270,rio de janeiro,RJ
5bc24d989e71e93c33e50a7782431b0e,37165,campo do meio,MG
4677a5437afda5fa7140b927b07be1cc,84920,japira,PR
ba90964cff9b9e0e6f32b23b82465f7b,07140,guarulhos,SP
45213867cefbf2cd4c6177e10216a951,13603,araras,SP
3f8247d0f772ffa58560e5c682521ad5,89211,joinville,SC
f262cbc1c910c83959f849465454ddd3,03564,sao paulo,SP
e9511df20ccd82658a30c37b7fb343af,17026,bauru,SP
3d8fa2f5b647373c8620330c4e077a9f,03031,sao paulo,SP
7008613ea464bad5cb9b83456e1e6a8f,89460,canoinhas,SC
54965bbe3e4f07ae045b90b0b8541f52,85851,foz do iguacu,PR
f63d8f293af3a6454377546bd9dd19ff,18110,votorantim,SP
95e03ca3d4146e4011985981aeb959b9,21210,rio de janeiro,RJ
c66dccfb3f109511246da627dd5a2498,11900,registro,SP
c8417879a15366a17c30af34c798c332,04445,sao paulo,SP
e0eabded302882513ced4ea3eb0c7059,13023,campinas,SP
ce27a3cc3c8cc1ea79d11e561e9bebb6,03006,sao paulo,SP
0ef83d7d83ed97cd2a0049ac8be5f88a,80230,curitiba,PR
1dcfa3835714681d4ba4a93bc1e0fd41,16200,birigui,SP
620c87c171fb2a6dd6e8bb4dec959fc6,25645,petropolis,RJ
06a2c3af7b3aee5d69171b0e14f0ee87,65072,sao luis,MA
1f7fd2a6fcd5a6fa5d8a4dabc72aaae0,95800,venancio aires,RS
d1c281d3ae149232351cd8c8cc885f0d,14940,ibitinga,SP
eb5b6204dde3a6e03b5f1bb8479f055b,06900,embu guacu,SP
79ee721b6f766066a80264402548d359,17011,bauru,SP
b1a81260566c1bac3114a6d124413f27,99500,carazinho,RS
0ac4201fda2c68ebc0e47cb9423cf3c9,03345,sao paulo,SP
0ea22c1cfbdc755f86b9b54b39c16043,35700,sete lagoas,MG
712e6ed8aa4aa1fa65dab41fed5737e4,89560,videira,SC
0b35c634521043bf4b47e21547b99ab5,84530,teixeira soares,PR
cee48807215b30a12ca2ca10ffb5f250,11431,guaruja,SP
bbad7e518d7af88a0897397ffdca1979,01512,sao paulo,SP
e21a1e8be4715b0fcfd5385643bc49c4,88715,jaguaruna,SC
5dceca129747e92ff8ef7a997dc4f8ca,13450,santa barbara d´oeste,SP
f4aba7c0bca51484c30ab7bdc34bcdd1,01031,sao paulo,SP
a2e874074c877c5a05abae80ad6e488f,15070,sao jose do rio preto,SP
3b15288545f8928d3e65a8f949a28291,14940,ibitinga,SP
eb4df17aed01d918c65f0f8d650900c0,13140,paulinia,SP
d25aa0aaacb370e912f8cf6efeba38b3,89108,massaranduba,SC
5eeb9c756d9780b96283e5a2ac6da334,14010,ribeirao preto,SP
33576ec5412fb5905d876f12f33bfde6,80040,curitiba,PR
b248792ac0b60ec3f93d80af1b4fae47,09560,sao caetano do sul,SP
c9c7905cffc4ef9ff9f113554423e671,06871,itapecerica da serra,SP
c447f8dd3ed213f291d65ef074a268eb,19802,assis,SP
52f9db5cfb423382a2fa5c9e39303202,19830,echapora,SP
750303a20e9c56b2a6bc45cdce0b897d,74333,goiania,GO
1ca7077d890b907f89be8c954a02686a,06506,santana de parnaiba,SP
270297ead4c65a6cd2593960d2af6b21,04696,sao paulo,SP
d101c6da914ae3d53f7bee42283f2fe2,08072,sao paulo,SP
31da954dc0855f2495c6310f70a2f931,13601,araras,SP
ef9952469137ff190bacafe117f51537,38022,uberaba,MG
d2e753bb80b7d4faa77483ed00edc8ca,45810,porto seguro,BA
411f3b52d857390502ee4e4d5ceabc2d,09400,ribeirao pires,SP
099095b050cfe8eb1ddff5317587e96e,03322,sao paulo,SP
fce62094ffe6a4009188ec44e681dfdd,04674,sao paulo,SP
3d621842b2ed28e2b474132480edac3c,08041,sao paulo,SP
7aa4334be125fcdd2ba64b3180029f14,18500,laranjal paulista,SP
a3e9a2c700480d9bb01fba070ba80a0e,14940,ibitinga,SP
744dac408745240a2c2528fb1b6028f3,83408,colombo,PR
b0b346d3a89f5eb4c2968af3f083cd43,13105,campinas,SP
b6d44737c043328708f6749c2dbe50bd,09230,santo andre,SP
002100f778ceb8431b7a1020ff7ab48f,14405,franca,SP
1554a68530182680ad5c8b042c3ab563,37580,monte siao,MG
e8b4225284fbb02d16f200513f1f395d,14960,novo horizonte,SP
b00af24704019bd2e1b335e70ad11f7c,40130,salvador,BA
0432ead42b6c8a0bdf68154add917fdf,09320,maua,SP
596849622429351f47b32e6cae1055ff,08710,mogi das cruses,SP
1acde099eb406aa220b1169b188b42da,02532,sao paulo,SP
b94cc9f10ddc85e4ba73a6f7974e7101,27930,macae,RJ
dee656f0f566ed1aa85bd137c943f08f,12701,cruzeiro,SP
aae3bfea055532c57fb453ed3ec80b30,09271,santo andre,SP
2dee2ce60de9709b1a24083217181a1f,78552,sinop,MT
851773c885feb5e2da3b4f82bc2b17ce,18683,lencois paulista,SP
c3e2398fcc7e581cda2e546557bf6968,04781,sao paulo,SP
b127efdabeffb5d559349c7b172eb75d,04308,sao paulo,SP
1d8dbc4f32378d715c717c1c1fc57bae,86706,arapongas,PR
2156f2671501a81034d7d07f217609d0,04776,sp,SP
17ca9b9e9b9ef8fdb529001b49ebb50f,32677,betim,MG
2a6fbeaa7ab9e5d59a35841a8da71ce4,89259,jaragua do sul,SC
2b5ed0c9139dae8883a200dfcb272ece,04087,sao paulo,SP
bf3c6d2a28b2b5501e6c15448982dcc9,04180,sao paulo,SP
7f152321c60a266edc53af1925ef96c1,88801,criciuma,SC
52ac6f920b7280e4c6d30dd94de6259b,83321,pinhais,PR
994f04b3718c2bab35c2adfa8afecd2a,13912,jaguariuna,SP
01c97ebb5cdac52891c0ed1c37ba0012,15804,catanduva,SP
2c9e548be18521d1c43cde1c582c6de8,08752,mogi das cruzes,SP
062ce95fa2ad4dfaedfc79260130565f,95913,lajeado,RS
8090490573c6c0aa343a7231ebcb8c86,04130,sao paulo - sp,SP
4e06067cc08b3f41d837768d392c3ee3,32604,betim,MG
2a7dc43cecabf23403078e2188437d1d,04142,sao paulo,SP
578fa3a9cb6b6dceab39231ad59cdaca,60025,fortaleza,CE
acb6c2ca5c82411c1fdb88d5fd5eb95e,03423,sao paulo,SP
9616352088dcf83a7c06637f4ebf1c80,87504,umuarama,PR
710e3548e02bc1d2831dfc4f1b5b14d4,86600,rolandia,PR
a673821011d0cec28146ea42f5ab767f,03809,sao paulo,SP
594f9aaa48e5bf431f011ddc5669b0d5,32185,contagem,MG
6e0908ef4d4efadbc3cc2b74ea477cb0,20910,rio de janeiro,RJ
cca3071e3e9bb7d12640c9fbe2301306,14940,ibitinga,SP
8648b1e89e9b349e32d3741b30ec737e,12308,jacarei,SP
c9aafcd0621b2207c10e32c649cada4d,08011,sao paulo,SP
e883aa812c37a7413226856f4579fe91,06696,itapevi,SP
f0e103c63864d5405b958d984b6e94c9,06150,osasco,SP
1bb2bdb95f4841f1bba2c0d2cd83d3c9,01257,sao paulo,SP
238fac594e170b59c6d228f5a4f4f1d9,17300,dois corregos,SP
634964b17796e64304cadf1ad3050fb7,21840,rio de janeiro,RJ
b33e7c55446eabf8fe1a42d037ac7d6d,14850,pradopolis,SP
d23019c84ffae2d5ef2270367b8605fc,86073,londrina,PR
4869f7a5dfa277a7dca6462dcf3b52b2,14840,guariba,SP
b4ffb71f0cb1b1c3d63fad021ecf93e1,03880,sao paulo,SP
64b87978a11c1ea7501a89eabe8c2c1a,19300,presidente bernardes,SP
a1bea9970d8f65b240555f99c2214f7f,83323,pinhais,PR
41c2bad7229b0c25e6becf179ebf63ff,59020,natal,RN
4559697a8f7e637227c2eeaed843baff,19029,presidente prudente,SP
1b8b75e227c9a9c100d0c210fb6176ce,05468,sao paulo,SP
6288c69c4ce638e59925e59193f98b16,09010,santo andre,SP
2bf6a2c1e71bbd29a4ad64e6d3c3629f,28615,nova friburgo,RJ
9ac4f14370b1e24ddc58be041b7f99df,76330,jaragua,GO
d4f91e8be86b38da2ee35bc489645a9d,12512,guaratingueta,SP
725af026f869236a8dd0ceb98564d156,35530,claudio,MG
2d50d6282f8aa2257819a77bfaa0efe0,14940,ibitinga,SP
7e93a43ef30c4f03f38b393420bc753a,06429,barueri,SP
0c8380b62e38e8a1e6adbeba7eb9688c,37410,tres coracoes,MG
5abb8ea023c77787f2c15da891c8d384,89228,joinville,SC
b92e3c8f9738272ff7c59e111e108d7c,36502,uba,MG
4917cee8d902e13428c3ec4b1ca6f315,89031,blumenau,SC
4bcec44888b30ba9001234c534716d3f,09230,santo andre,SP
5194c22ed1f616ec0c0f33c571542879,37540,santa rita do sapucai,MG
0176f73cc1195f367f7b32db1e5b3aa8,14940,ibitinga,SP
f7ba60f8c3f99e7ee4042fdef03b70c4,09628,sao bernardo do campo,SP
b6e1504972665f739dec4facb9943775,13405,piracicaba,SP
a369d693961cb93b61ca2cc518872a85,15081,sao jose do rio preto,SP
b87a7ea0c30fad2dd6781b74a0064859,04133,sao paulo,SP
1caf283236cd69af44cbc09a0a1e7d32,26020,nova iguacu,RJ
3785b653b1b82de85ab47dd139938091,85640,ampere,PR
2646baaf662d4d92ac48f047e35db92d,03303,sao paulo,SP
6df688df543f90e9b38f4319e75a9d88,31230,belo horizonte,MG
d673a59aac7a70d8b01e6902bf090a11,14940,ibitinga,SP
293dee954235e4e4e43f129313625ebe,72125,brasilia,DF
4e17c65a516f69d023a2ae78b84f28d6,08673,suzano,SP
e3d3b3efac954a60d61be70b7e05b49b,03370,sao paulo,SP
b1ac6ea7895bc3dd6f0f6f4abbdd2821,92030,canoas,RS
aafe36600ce604f205b86b5084d3d767,88115,sao jose,SC
dbd66278cbfe1aa1000f90a217ca4695,05588,sao paulo,SP
66dc1b1632bd6a3e508510c5b3492107,17210,jau,SP
cc419e0650a3c5ba77189a1882b7556a,09015,santo andre,SP
0df3984f9dfb3d49ac6366acbd3bbb85,32604,betim,MG
c68fb906c8f4b4b946d8386bfa6e5467,14870,jaboticabal,SP
8931a84a914b3fe9b1ddaa4d704947ca,08410,sao paulo,SP
7ddcbb64b5bc1ef36ca8c151f6ec77df,04403,sao paulo,SP
6187a137b2af59dfdbad8d9f8c373c14,06268,osasco,SP
520b493b57809f446cb0a233bb3e25c7,11075,santos,SP
5c6d4016c2a288f074fa0848a2b653d2,01209,sao paulo,SP
5f1dc28029d2c244352a68107ec2b542,05126,sao paulo,SP
9d4db00d65d7760644ac0c14edb5fd86,18025,sorocaba,SP
88460e8ebdecbfecb5f9601833981930,87030,maringa,PR
00fc707aaaad2d31347cf883cd2dfe10,87025,maringa,PR
3ade81dab5a172b88e1871c28ae05260,15076,sao jose do rio preto,SP
522620dcb18a6b31cd7bdf73665113a9,85801,cascavel,PR
e83e93b71371817b11d78a63ff156aee,06409,barueri,SP
f214d28e8d8e3ef068748498ccc2f813,03872,sao paulo,SP
c35672b10ad50968f567ea3f4b91e877,26551,mesquita,RJ
a5a1bfcf728ab0e19182959cf0771ee4,13960,socorro,SP
fdaaf5bfda82b7b80535610c831b8d09,15015,sao jose do rio preto,SP
de23c3b98a88888289c6f5cc1209054a,05530,sao paulo,SP
3d871de0142ce09b7081e2b9d1733cb1,13232,campo limpo paulista,SP
abcd2cb37d46c2c8fb1bf071c859fc5b,78020,cuiaba,MT
5cf13accae3222c70a9cac40818ae839,38700,patos de minas,MG
ac3508719a1d8f5b7614b798f70af136,92030,canoas,RS
52d76513f0c4d97f3b99570e2c94ee31,93348,novo hamburgo,RS
4d6d651bd7684af3fffabd5f08d12e5a,17209,jau,SP
1d139e3a3b14025640d8df1b230aace0,14860,barrinha,SP
d566c37fa119d5e66c4e9052e83ee4ea,04131,sao paulo,SP
e333046ce6517bd8bb510291d44f0130,18950,ipaussu,SP
06579cb253ecd5a3a12a9e6eb6bf8f47,04007,sao paulo - sp,SP
